{
   "device_class" : "controller",
   "device_serial_number" : "LHR-A6B3A15B",
   "manufacturer" : "Tundra Labs",
   "model_number" : "Tundra Hand Controller",
   "render_model" : "{tmi_hand_controller}/tmi_hand_controller",
   "resource_root" : "tmi_hand_controller",
   "input_profile" : "{tmi_hand_controller}/input/tmi_hand_controller_profile.json",
   "revision" : 1,
   "firmware_config" : {
      "mapped_input" : true,
      "haptic_driver" : "mapped_input",
      "remap_channel_13" : 6,
      "remap_channel_14" : 7,
      "remap_channel_15" : 8,
      "remap_channel_16" : 9,
      "remap_channel_17" : 10,
      "remap_channel_23" : 11,
      "remap_channel_24" : 12,
      "remap_channel_25" : 13,
      "remap_channel_26" : 14,
      "remap_channel_27" : 15,
      "remap_channel_28" : 16,
      "remap_channel_29" : 17,
      "remap_channel_4" : 2,
      "remap_channel_5" : 3,
      "remap_channel_6" : 4,
      "remap_channel_7" : 5,
      "sensor_enable" : "0xFFFFFFFF",
      "sensor_env_on_pin_a" : "0xFFFFFF00"
   },
   "head" : {
      "plus_x" : [ 1, 0, 0 ],
      "plus_z" : [ 0, 0, 1 ],
      "position" : [ 0, 0, 0 ]
   },
   "imu" : {
      "plus_x" : [ 0.040157785345831698, -0.031960816476036769, -0.99868207493931216 ],
      "plus_z" : [ 0.78140480358183417, -0.62191029879265614, 0.051323885123897739 ],
      "position" : [ -0.0024401757400482893, -0.010472819209098816, 0.014289959333837032 ]
   },
   "lighthouse_config" : {
      "channelMap" : [ 9, 10, 11, 12, 13, 14, 15, 16, 17, 0, 1, 2, 3, 4, 5, 6, 7, 8 ],
      "modelNormals" : [
         [ -0.701289654, 0.0858565271, 0.707687378 ],
         [ 0.0331553407, 0.998586297, 0.0415471457 ],
         [ -0.0271429475, 0.99875164, 0.041934073 ],
         [ -0.499308169, 0.500690877, 0.707106769 ],
         [ -0.99875164, 0.0271429475, 0.041934073 ],
         [ -0.998586297, -0.0331553407, 0.0415471457 ],
         [ -0.396552056, 0.915698946, 0.0651297346 ],
         [ -0.809017003, 1.79629523e-16, 0.587785244 ],
         [ 0.00223558443, -0.808403313, 0.588624775 ],
         [ 0.676755309, -0.202930525, 0.707687378 ],
         [ -0.0331553407, -0.998586297, 0.0415471457 ],
         [ 0.0271429475, -0.99875164, 0.041934073 ],
         [ 0.502069771, -0.497921646, 0.707106769 ],
         [ 0.99875164, -0.0271429475, 0.041934073 ],
         [ 0.998586297, 0.0331553407, 0.0415471457 ],
         [ 0.396552056, -0.915698946, 0.0651297346 ],
         [ 0.809017003, 1.49383842e-16, 0.587785244 ],
         [ 0.00222941348, 0.806171894, 0.591677189 ]
      ],
      "modelPoints" : [
         [ 0.00354239927, 0.0194935128, 0.010701865 ],
         [ 0.0124114882, 0.0240166318, 0.00315964269 ],
         [ -0.0107970852, 0.0247215834, 0.00240100268 ],
         [ -0.0192174539, 0.0186059698, 0.00573763391 ],
         [ -0.0241724197, 0.00998235215, 0.00245396956 ],
         [ -0.0241513029, -0.0128285168, 0.00449997326 ],
         [ -0.0152587565, -0.00698405784, 0.0221405011 ],
         [ -0.0206491146, -0.012585924, 0.0212785136 ],
         [ -0.0142919477, -0.0206926782, 0.0209041405 ],
         [ -0.00330924871, -0.0196137894, 0.0109006558 ],
         [ -0.0128091304, -0.0238475204, 0.00253629242 ],
         [ 0.0103712324, -0.0242449213, 0.00219341391 ],
         [ 0.0190930031, -0.0187561158, 0.00583330169 ],
         [ 0.0245907567, -0.0106467623, 0.00270429719 ],
         [ 0.0242999811, 0.0126849003, 0.0042570401 ],
         [ 0.0154683832, 0.00717552658, 0.0217729639 ],
         [ 0.0207995865, 0.0127620185, 0.0214322265 ],
         [ 0.0133445486, 0.0204150099, 0.0214014817 ]
      ]
   }
}
