{
   "device_class" : "generic_tracker",
   "device_serial_number" : "LHR-A7A6E782",
   "firmware_config" : {
      "remap_channel_13" : 6,
      "remap_channel_14" : 7,
      "remap_channel_15" : 8,
      "remap_channel_16" : 9,
      "remap_channel_17" : 10,
      "remap_channel_23" : 11,
      "remap_channel_24" : 12,
      "remap_channel_25" : 13,
      "remap_channel_26" : 14,
      "remap_channel_27" : 15,
      "remap_channel_28" : 16,
      "remap_channel_29" : 17,
      "remap_channel_4" : 2,
      "remap_channel_5" : 3,
      "remap_channel_6" : 4,
      "remap_channel_7" : 5,
      "sensor_enable" : "0xFFFFFFFF",
      "sensor_env_on_pin_a" : "0xFFFFFF00"
   },
   "head" : {
      "plus_x" : [ 1, 0, 0 ],
      "plus_z" : [ 0, 0, 1 ],
      "position" : [ 0, 0, 0 ]
   },
   "imu" : {
      "plus_x" : [ 0.040157785345831698, -0.031960816476036769, -0.99868207493931216 ],
      "plus_z" : [ 0.78140480358183417, -0.62191029879265614, 0.051323885123897739 ],
      "position" : [ -0.0024401757400482893, -0.010472819209098816, 0.014289959333837032 ]
   },
   "input_profile" : "{tundra_labs}/input/tundra_tracker_profile.json",
   "lighthouse_config" : {
      "channelMap" : [ 9, 10, 11, 12, 13, 14, 15, 16, 17, 0, 1, 2, 3, 4, 5, 6, 7, 8 ],
      "modelNormals" : [
         [ -0.701289654, 0.0858565271, 0.707687378 ],
         [ 0.0331553407, 0.998586297, 0.0415471457 ],
         [ -0.0271429475, 0.99875164, 0.041934073 ],
         [ -0.499308169, 0.500690877, 0.707106769 ],
         [ -0.99875164, 0.0271429475, 0.041934073 ],
         [ -0.998586297, -0.0331553407, 0.0415471457 ],
         [ -0.396552056, 0.915698946, 0.0651297346 ],
         [ -0.809017003, 1.79629523e-16, 0.587785244 ],
         [ 0.00223558443, -0.808403313, 0.588624775 ],
         [ 0.676755309, -0.202930525, 0.707687378 ],
         [ -0.0331553407, -0.998586297, 0.0415471457 ],
         [ 0.0271429475, -0.99875164, 0.041934073 ],
         [ 0.502069771, -0.497921646, 0.707106769 ],
         [ 0.99875164, -0.0271429475, 0.041934073 ],
         [ 0.998586297, 0.0331553407, 0.0415471457 ],
         [ 0.396552056, -0.915698946, 0.0651297346 ],
         [ 0.809017003, 1.49383842e-16, 0.587785244 ],
         [ 0.00222941348, 0.806171894, 0.591677189 ]
      ],
      "modelPoints" : [
         [ 0.00349008804, 0.0195853636, 0.0105710644 ],
         [ 0.0127817355, 0.0239552986, 0.00346728228 ],
         [ -0.0104281008, 0.0245459564, 0.00239673397 ],
         [ -0.0190710276, 0.018748736, 0.005638876 ],
         [ -0.0242411159, 0.0103288172, 0.00256545399 ],
         [ -0.0241336375, -0.01287058, 0.00438483339 ],
         [ -0.0151810003, -0.00711584697, 0.0218571424 ],
         [ -0.020658711, -0.0127618145, 0.0211362634 ],
         [ -0.0141045116, -0.020817833, 0.0207352415 ],
         [ -0.00338301342, -0.0198086798, 0.010984553 ],
         [ -0.0128765088, -0.0239519514, 0.00313927559 ],
         [ 0.0103341499, -0.0243450999, 0.00222717738 ],
         [ 0.0191435646, -0.0187339, 0.00578963757 ],
         [ 0.0243788678, -0.010435936, 0.00249539642 ],
         [ 0.0240749437, 0.0129135149, 0.00428463798 ],
         [ 0.0152791832, 0.00734428084, 0.0217184518 ],
         [ 0.0206847619, 0.0125917858, 0.0212590639 ],
         [ 0.0131771052, 0.0204891656, 0.0212985948 ]
      ]
   },
   "manufacturer" : "Tundra Labs",
   "model_number" : "Tundra Tracker",
   "render_model" : "{tundra_labs}tundra_tracker",
   "resource_root" : "tundra_labs",
   "revision" : 1
}
